,0
0,1/00027.jpg
1,1/00113.jpg
2,1/00061.jpg
3,1/00300.jpg
4,1/00206.jpg
5,1/00299.jpg
6,1/00107.jpg
7,1/00124.jpg
8,1/00082.jpg
9,1/00091.jpg
10,1/00005.jpg
11,1/00029.jpg
12,1/00267.jpg
13,1/00369.jpg
14,1/00262.jpg
15,1/00050.jpg
16,1/00200.jpg
17,1/00084.jpg
18,1/00244.jpg
19,1/00331.jpg
20,1/00151.jpg
21,1/00232.jpg
22,1/00257.jpg
23,1/00340.jpg
24,1/00304.jpg
25,1/00008.jpg
26,1/00372.jpg
27,1/00004.jpg
28,1/00088.jpg
29,1/00077.jpg
30,1/00067.jpg
31,1/00002.jpg
32,1/00057.jpg
33,1/00072.jpg
34,1/00364.jpg
35,1/00335.jpg
36,1/00319.jpg
37,1/00321.jpg
38,1/00378.jpg
39,1/00221.jpg
40,1/00182.jpg
41,1/00354.jpg
42,1/00359.jpg
43,1/00158.jpg
44,1/00040.jpg
45,1/00391.jpg
46,1/00185.jpg
47,1/00306.jpg
48,1/00241.jpg
49,1/00330.jpg
